,Country,Date
0,AUSTRALIA,7 June 1971
1,AUSTRIA,29 September 1961
2,BELGIUM,13 September 1961
3,CANADA,10 April 1961
4,CHILE,7 May 2010
5,CZECH REPUBLIC,21 December 1995
6,DENMARK,30 May 1961
7,ESTONIA,9 December 2010
8,FINLAND,28 January 1969
9,FRANCE,7 August 1961
10,GERMANY,27 September 1961
11,GREECE,27 September 1961
12,HUNGARY,7 May 1996
13,ICELAND,5 June 1961
14,IRELAND,17 August 1961
15,ISRAEL,7 September 2010
16,ITALY,29 March 1962
17,JAPAN,28 April 1964
18,KOREA,12 December 1996
19,LATVIA,1 July 2016
20,LUXEMBOURG,7 December 1961
21,MEXICO,18 May 1994
22,NETHERLANDS,13 November 1961
23,NEW ZEALAND,29 May 1973
24,NORWAY,4 July 1961
25,POLAND,22 November 1996
26,PORTUGAL,4 August 1961
27,SLOVAK REPUBLIC,14 December 2000
28,SLOVENIA,21 July 2010
29,SPAIN,3 August 1961
30,SWEDEN,28 September 1961
31,SWITZERLAND,28 September 1961
32,TURKEY,2 August 1961
33,UNITED KINGDOM,2 May 1961
34,UNITED STATES,12 April 1961
35,,
